file,text_bm,text_nn,start,end,duration,date,proceedingsfile
stortinget-20110311-085507_305700_315800,sidedaler er altså blitt i fraskilte,erkjenner kaasa i i glaslampe seau,305.7,315.8,10.100000000000023,2011-03-11,2011-03-11_proceedings.txt
stortinget-20110311-085507_325000_335600,så jeg skal ensileres asos er et,det basskasse tjueseks som kjos ein auge,325.0,335.6,10.600000000000023,2011-03-11,2011-03-11_proceedings.txt
stortinget-20110311-085507_345500_375000,stortingets møte er eee lovlig satt til behandling foreligger de saker som er oppført på dagsorden nummer seksti og sak en er innstilling fra kjerke utdannings og forskningskomiteen om representantforslag fra stortingsrepresentantene tord lien meter hanekamhaug bente thorsen perwilly amundsen og solveig horne om bruk av hijap i barneskolen det innstilling to hundre og trettito s totusenogti totusenogelleve jamfør dokument åtte femtien s totusenogti totusenogelleve,stortingets møte er eee lovlig satt til behandling foreligg dei saker som er oppført på dagsorden nummer seksti og sak ein er innstilling frå kjerke utdanning og forskingskomiteen om representantforslag frå stortingsrepresentantane tor lien meter hankamhau bente thorsen per willy amundsen og solveig horne om bruk av hidkjøp i barneskolen det innstilling to hundre og trettito s totusenogti totusenogelleve jamfør dokument åtte femtiein s totusenogti totusenogelleve,345.5,375.0,29.5,2011-03-11,2011-03-11_proceedings.txt
stortinget-20110311-085507_375000_400200,så registrerer presidenten at en konstitusjonelt ansvarlig statsråd eee ikke er til stede i salen eee og det er jo en veldig spesiell situasjon eee men det er sånn at regjeringa er representert eee i salen sånn at det er anledning til å gjennomføre debatten knytta til sak en allikevel vil stortinget gi sin tilslutning eee til det,så registrerer presidenten at ein konstitusjonelt ansvarlig statsråd ikkje har kastet i salen eee og det er ein veldig spesiell situasjon eee men det er sånn at regjeringa er representert i salen sånn at det er anledning til å gjennomføre debatten knytta til sak i ein allikevel vil stortinget gir sin tilslutning eee til det,375.0,400.2,25.19999999999999,2011-03-11,2011-03-11_proceedings.txt
stortinget-20110311-085507_400200_405400,ingen har ytra seg eee representanten per christian foss,ingen har ytra seg eee representanten per kristian foss,400.2,405.4,5.199999999999989,2011-03-11,2011-03-11_proceedings.txt
stortinget-20110311-085507_416000_440700,president jeg kan ikke huske at stortinget tidligere har gjennomført debatter hvor den konstitusjonelt ansvarlige statsråd ikke vært til stede med unntak av hvor det har vært meldt sykdomsforfall og vil gjerne be presidenten ta opp dette med statsministeren for etter det jeg er kjent med så er det ikke sykdomsforfall som er årsaken dette men at partipolitiske oppdrag har gått foran å møte i stortinget,president eg kan ikkje huska at stortinget tidlegare har gjennomført debattar vore den konstitusjonelte ansvarlege statsråd ikkje vore i stade med unntak har ordet vore mild sjukdomsforfall og vil gjerne be presidenten ta opp dette med statsministeren for dette det er kjent med sverke sykdomsforfall som er årsaka me dette men at partipolitiske opptre er gått for rane å møte i stortinget,416.0,440.7,24.69999999999999,2011-03-11,2011-03-11_proceedings.txt
stortinget-20110311-085507_440700_468100,det er bør påtales og jeg kan ikke huske at stortinget har godtatt dette ved tidligere anledning president ja presidenten eee er enig i at det er en veldig spesiell situasjon og det var derfor presidenten eee åpna med å spørre om eee stortinget finner det eee allikevel greit å behandle saken da skjer det noen få anledninger eee når sai salen har gått raskere,det er bør påtalast og eg kan ikkje huske at stortinget har godtatt dette tidlegare anledning presidentja presidenten eee er einig i at det er ein veldig spesiell situasjon og det vert derfor presidenten eee opna med å spørje om eee stortinget finner det eee likevel greit å behandle saka det har skjedd det nokon få anledningar når sai salen har gått raskare,440.7,468.1,27.400000000000034,2011-03-11,2011-03-11_proceedings.txt
stortinget-20110311-085507_468100_494300,noen kanskje har forventa eee at en i noe tid ved behandling av en sak har hatt en annen statsråd enn en konstitusjonelt ansvarlig til stede og at en allikevel har behandla saker det har skjedd ved noen anledninger eee men det er en veldig spesiell situasjon og og jeg synes det er helt naturlig at presidentskapet eee følger den saken opp i i forhold til statsministeren eee er det allikevel sånn å forstå at stortinget,nokon kanskje har forventa eee at ein i noko tid er behandlinga av ein sak har hatt ein annan statsråd der den konstitusjonelt ansvar litt stille og at ein har likevel har behandla saker det har skjedd ved nokon anledningar eee men det er ein veldig spesiell situasjon og og eg synest det er heilt naturleg at presidentskapet følger den saka opp i i forhold til statsministeren eee er det likevel sånn å forstå at stortinget,468.1,494.3,26.19999999999999,2011-03-11,2011-03-11_proceedings.txt
stortinget-20110311-085507_494300_511800,allikevel å behandle sak en og det gjelder for så vidt og da i sak to eee ved at regjeringa er representert i saken men da med eee ikke konstitusjonelt ansvarlig statsråd eee øyvin korsberg vær så god,a likevel å behandle sak ein og det gjeld for så vid då da i sak to eee ved at eee regjeringa er depesentert i saka men dermed eee ikkje konstitusjonelt ansvarleg statsråd eee eivin castberg ver så god,494.3,511.8,17.5,2011-03-11,2011-03-11_proceedings.txt
stortinget-20110311-085507_523600_552800,president jeg vil bare støtte fullt ut eee representanten per christian foss eee ga uttrykk den før her på på talerstolen det at en statsråd ikke møtte opp i i stortinget det er altså veldig spesielt eee og president jeg er veldig usikker på om det er riktig å behandle de sakene som eee den ansvarlige statsråden eee halvorsen eee,president eg vil berre støtte fullt ut til representanten per christian foss eee gav uttrykk for her på på talarstolen det at ein statsråd ikkje møte opp i i stortinget det er altså veldig spesielt eee og president eg er veldig usikker på om det er riktig å behandle dei sakene som eee den ansvarlege statsråden eee halvorsen eee,523.6,552.8,29.199999999999932,2011-03-11,2011-03-11_proceedings.txt
stortinget-20110311-085507_552800_577600,har ansvar for når hun ikke er til stede i salen og jeg foreslår rett og slett at de sakene utsettes eee da er det kommer vi forslag om å utsette de to sakene som er ført opp som nummer en og to på dagens eee kart eee og det har presidenten full forståelse for og det er derfor han nettopp stoppa opp,har ansvaret for når ho ikkje er til stede i salen og eg foreslår etter sett at dei sakene utsettasteee da har det kome forslag om å utsetta dei to sakene som er ført opp som nummer ein og to på dagens eee kart eee og det har presidenten full forståelse for var derfor han nettopp stoppa opp,552.8,577.6,24.800000000000068,2011-03-11,2011-03-11_proceedings.txt
stortinget-20110311-085507_577600_605600,og ba om ei vurdering av det så hvis noen føler behov for at det ikke blir eller følger av riktig å konkludere med at det ikke er riktig å behandle sakene uten eee eee konse eee porsjonert ansvarlig statsråd til stede så er statsråden nei så er presidenten innstilt på å støtte det forslaget er det eee s kan vi da oppfatte det sånn at det er enighet i stortinget ja vi må ringe til votering for vi skal da faktisk votere eee over det selv om,å ba om ei vurdering av det så viss nokon føler behov for at det ikkje blir eller føler riktig å konkludere med at det ikkje er riktig å behandle saka utan eeeee konse eee posjonelt ansvarleg statsråd til stil så er statsråden nei sa presidenten innstillt på å støtte det forslaget er et eee s kan vi da oppfatte det sånn at det er einigheit i stortinget ja vi må ringe til votering eee for vi skal da faktisk votere eee over det sjøl om,577.6,605.6,28.0,2011-03-11,2011-03-11_proceedings.txt
stortinget-20110311-085507_605600_610200,presidenten ikke ville bli overraska over om det blir en enstemmig konklusjon,presidenten ikkje ville bli overraska over om det blir ein einstemmig konklusjon,605.6,610.2,4.600000000000023,2011-03-11,2011-03-11_proceedings.txt
stortinget-20110311-085507_613400_619700,eee det blir da en kort paulse mens det ringes til votering jeg skal bare,eee då blir da ein kort pelsemines det ringast til votering neste på den maja,613.4,619.7,6.300000000000068,2011-03-11,2011-03-11_proceedings.txt
stortinget-20110311-085507_750700_754900,eee jeg kommer dario åpne for eee,eee ja kom me arado åra frå eee,750.7,754.9,4.199999999999932,2011-03-11,2011-03-11_proceedings.txt
stortinget-20110311-085507_775500_778200,jeg var kan svart ha og,deretter svak hada,775.5,778.2,2.7000000000000455,2011-03-11,2011-03-11_proceedings.txt
stortinget-20110311-085507_783100_788000,er vi nå snart manglet er det noen som,er de noko snakk manna er det noko sånt,783.1,788.0,4.899999999999977,2011-03-11,2011-03-11_proceedings.txt
stortinget-20110311-085507_799000_806600,altså er det noen som teller og mange som var til å se tar vi det på en holme må vera,og så er det ingen tillian som merke seesee tale streisand så får auga,799.0,806.6,7.600000000000023,2011-03-11,2011-03-11_proceedings.txt
stortinget-20110311-085507_843500_846000,mistnettene kostnadssenter,renessanse,843.5,846.0,2.5,2011-03-11,2011-03-11_proceedings.txt
stortinget-20110311-085507_864100_886200,er det er vi klar da fortsetter vi behandlinga av dagsorden eee det er fremma forslag om at sakene en og to eee utsettes for det konstitusjonelt ansvarlig statsråd er fraværende fra salen deretter,er det da fortsetter vi behandlinga av dagsorden eee det er fremma forslag om at sakene ein og to eee utsettast for det konstitusjonelt ansvarlig statsråd er fråvarande fra salen deretter,864.1,886.2,22.100000000000023,2011-03-11,2011-03-11_proceedings.txt
stortinget-20110311-085507_886200_904700,forslag fremsatt av representanten øyvind korsberg eee støtte av eee presidenten eee og det blir nå da bare anledning til å kommentere sjølve utsettelsesforslaget den første som har bedt om ordet representanten martin eee kolberg deretter representanten syversen,forslag framsett av representanten øyvin korsberg eee støtta av eee presidenten eee og det blir nå da bare anledning til å kommentere sjølve utsettelsesforslaget den første som har bedt om ordet representanten martin eee kolberg deretter representanten civic,886.2,904.7,18.5,2011-03-11,2011-03-11_proceedings.txt
stortinget-20110311-085507_912600_926300,president eee slik som denne saken og står så vil jeg anbefale at regjeringspartienes representanter stemmer for utsettelsesforslaget eee sivertsen,president eee slik som denne saka og står så vil eg anbefale at regjeringspartias representantar stemmer for utseeforslaget eee sivertsen,912.6,926.3,13.699999999999932,2011-03-11,2011-03-11_proceedings.txt
stortinget-20110311-085507_937000_962200,ja president krf vil også stemme for forslaget og jeg syns også faktisk det tjener posisjonen til ære at man nå velger å lytte til eee mindretallet her i salen og anser at dette også har noe med stortingets forhold til regjeringen å gjøre det er nettopp det det har ingen fler har eee peke i san foss,ja president krf er også stemme for forslaget og eg synest også faktisk det gjen posisjonen til ære at ein må velge å lytte til eee mindre talet her i salen og anser at dette også har no med stortingets fordel til regjeringa å gjere der nettopp det da har ingen flere har eee pe i sam fos,937.0,962.2,25.200000000000045,2011-03-11,2011-03-11_proceedings.txt
stortinget-20110311-085507_968000_997200,president jeg vil også råde og høyres gruppe til å stemme for forslaget om ikke ta sak en og to under behandling men det rokker ikke og det rokker ikke ved min annen tidligere anmodning om å be presidenten ta opp med statsministeren den mangel på respekt for stortinget som jeg mener den angjeldende statsråd ved fravær nå har utvist ja og som presidenten ga uttrykk for før,president eg vil også råde høgres gruppe til å stemme for forslaget om å ikkje ta sak gjennom to under behandling men det er rokkeriket og det rokkerietover min an tidlegare anmodning om å be presidenten ta med statsministeren den er mangel på respekt for stortinget som eg meiner den angjeldende statsråden ved fråvere no har utvist ja og som presidenten går ut trykk for for,968.0,997.2,29.200000000000045,2011-03-11,2011-03-11_proceedings.txt
stortinget-20110311-085507_997200_1025599,så mange representanter som nå var til stede i salen så er eee presidenten enig i den vurderinga og så vil selvfølgelig følge den eee oppmåingaeee flere som ønsker ordet til utsettelsesforslaget da tas det opp til votering det foret behandles altså på følgende måte at forslaget gjelder at sakene eee en og to eee tas av dagens kart og settes opp for behandling i et seinere eee møte eee de som stemmer imot det bes reise seg,så mange representantar som no vart til stil i salen så er eee presidenten einige i den vurderinga og så vil eg følgeleg følge den eee oppmodinga eee fleire som ønsker ei ordet til utsettelsesforslaget da tas det opp til vurtering det for behandlast altså på følgande måte forslaget gjeld etter sakene eee ein og to eee tas av dagens kart og settast opp for behandling i eit seinare eee møte eee de som stemmer imot det be reiser seg,997.2,1025.599,28.398999999999887,2011-03-11,2011-03-11_proceedings.txt
stortinget-20110311-085507_1025599_1052800,det er enstemmig vedtatt da går vi til behandling av sak tre som gjelder innstilling fra kontroll og konstitusjonskomiteen eee om riksrevisjonens oppfølging av forvaltningsrevisjon som er behandla av stortinget av innstilling hundre og åttisju s totusenogti totusenogelleve eee jamfør dokument tre en totusenogti tog elleve,det er enstemmig ved det går vidar til behandling av sak tre som gjeld innstilling fra kontroll og konstitusjonskomiteen eee om riksrevisjonens oppfølging av forvaltningsrevisjonen som er behandla av stortinget i innstilling hundre åttisju s totusenogti totusenogelleve eee jamfør dokument tre ein totusenogti tog elleve,1025.599,1052.8,27.201000000000022,2011-03-11,2011-03-11_proceedings.txt
stortinget-20110311-085507_1052800_1056700,og presidenten ber om ro i salen,og presidenten ber om ro i salen,1052.8,1056.7,3.900000000000091,2011-03-11,2011-03-11_proceedings.txt
stortinget-20110311-085507_1060700_1083700,til sak tre foreligger det ikke noe forslag om eee debattopplegg har noen bedt om ordet til sak tre representanten martin kolberg har bedt om ordet og får det og representanten kolberg er sakens ordfører,til sak tre foreligger det ikkje noko forslag eee om debattopplegg eee har eee nokon bedt om ordet til sak tre xxx representanten martin kolberg har bedt om ordet og får det og representanten kolberg er sakas ordførar,1060.7,1083.7,23.0,2011-03-11,2011-03-11_proceedings.txt
stortinget-20110311-085507_1092200_1119800,president riksrevisjonens rapport om departementenes oppfølging av tidligere forvaltningsrevisjoner gir viktig informasjon om resultatene etter stortingets behandling årets rapport omhandler oppf oppfølging av atten forvaltningsrevisjoner hvorav femten er avsluttet og tre skal følges opp videre på et ordnet generelt plan,president riksrevisjonens rapport om departementets oppfølging av tidlegare forvaltningsrevisjonar ir viktig informasjon om resultata etter stortingets behandling årets rapport omhandla opp oppfølging av atten forvaltningsrevisjonar vora femten er avslutta og tre skal følgjast opp vidare på eit ordne generelt plan,1092.2,1119.8,27.59999999999991,2011-03-11,2011-03-11_proceedings.txt
stortinget-20110311-085507_1119800_1149600,er det mitt bestemte inntrykk at departementene tar de svakhetene som blir påpekt av riksrevisjonen på alvor og lojalt forsøker å forbedre forholdene på samme måte forutsetter jeg at departementene setter seg grundig inn i stortingets meninger i behandlingen av riksrevisjonens rapporter selv om en sak er avsluttet er ikke alt nødvendigvis såre vel,er det mitt bestemte inntrykk at departementet tar dei svakheitene som blir påpeikt av riksrevisjonen på alvor og loalt forsøker å få betre forhold på same måte forutsetter eg at departementet set seg grundig inn i stortingets meiningar i behandlinga av riksrevisjonens rapportar sjøl om ein sak er avslutta er ikkje at nødvendigvis såre vel,1119.8,1149.6,29.799999999999955,2011-03-11,2011-03-11_proceedings.txt
stortinget-20110311-085507_1149600_1176000,av de femten avsluttede sakene er det opptil flere riksrevisjonen vil følge opp også gjennom bebudede nye undersøkelser dette gjelder for en bærekraftig bruk av reinbeiteressursene hvor riksrevisjonen mener det fremdeles ikke er etablert nødvendige rammebetingelser som gir grunnlag for en bærekraftig rein,av dei femten avslutte sakene er det opptil flele riksrevisjonen vil følgje opp også gjennom bebudede nye undersøkelser dette gjeld for ein berekraftig bruk av reinbeiteressursane og riksrevisjonen meiner det fremdeles ikkje er etablert nødvendige rammebetingelser som gir grunnlag for ein berekraftig rein,1149.6,1176.0,26.40000000000009,2011-03-11,2011-03-11_proceedings.txt
stortinget-20110311-085507_1176000_1202500,aktuelt for en ny undersøkelse er også arbeids og velferdsetatens oppfølging og tiltaksarbeid for prioriterte arbeidsundersø arbeidssøkergrupper hvor riksrevisjonen vil se på effekten av de nye tiltakene og de organisatoriske endringene som er gjennomført i flere tilfeller vil dessuten riksrevisjonen elser,aktuelt for ein ny undersøkelse er også arbeids og velferdsstatens oppfølging og tiltaksarbeid for prioriterte arbeidsundersø arbeidssøkegrupper vår riksrevisjon vil se på effekten av dei nye tiltaka og dei organisatoriske endringane som er gjennomført i fleire tilfelle vil dessutan riksrevisjonen velser,1176.0,1202.5,26.5,2011-03-11,2011-03-11_proceedings.txt
stortinget-20110311-085507_1202500_1230300,på bakgrunn av de årlige riksrevisjonsendringene blant annet n i nærings og handelsdepartementets arbeid med regelverk forendring forenklinger og reduksjon av skjemabelastningen for næringslivet tre saker vil bli fulgt opp i den løpende revolus re revisjonen det gjelder saksbehandlingstiden i gjeldsordningssaker,på bakgrunn av dei årlege riksrevisjonsendringane blant anna ne i nærings og handelsdepartementets arbeid med regelverksforendling forenklingar og reduksjon av skjema belastninga for næringslivet tre saker vil bli fylgt opp i den løpne revolus revisjonen det gjeld saksbehandlingstida i gjeldsordningssaker,1202.5,1230.3,27.799999999999955,2011-03-11,2011-03-11_proceedings.txt
stortinget-20110311-085507_1230300_1255900,utviklingen av fastsettelsen av særavgifter i toll og avgiftsetaten og utviklingen av skatteoppkrevernes innkreving og stedlige arbeidsgiverkontroll riksrevisjonen velger også å følge opp tre saker helt spesielt videre det gjelder arbeids og velferdsetatens forvaltning av det som kalles for bilstøtteordningen,utviklinga av fatsettelsen av særavgifter i tolv og avgiftsetaten og utviklinga av skattoppkrevandes innkreving og stadleg arbeidsgjevarkontrollriksrevisjonen velger også å følgja opp tre saker heit spesielt vidare det gjeld arbeids og velferdsetatens forvaltning av det som kallast for bilstøtte ordninga,1230.3,1255.9,25.600000000000136,2011-03-11,2011-03-11_proceedings.txt
stortinget-20110311-085507_1255900_1284900,riksrevisjonens undersøkelse av bærekraftig arealplanlegging og arealdisponering og forvaltning av kontantstøtteordningen de tre sakene blir altså president fulgt særlig videre opp når det gjelder bilstøtteordningen peker kontroll og konstitusjonskomiteen på behandlingen av dokument tre seks totusenogseks totusenogsju og flere svakheter ved ordningen,riksrevisjonens undersøkelse av berekraftig arealplanlegging og arealdisponering og forvaltning av kontantstøtteordninga dei tre sakene blir altså president følgt særleg vidare opp når det gjeld bilstøtteordninga peiker kontroll og konstitusjonskomiteen på behandlinga av dokument tre seks totusenogseks totusenogsju og flere svakheter ved ordninga,1255.9,1284.9,29.0,2011-03-11,2011-03-11_proceedings.txt
stortinget-20110311-085507_1284900_1313800,som burde endres på blant annet er det at det gikk for lang tid fra vedtak var fattet til bilen faktisk ble levert og at det var alvorlig svikt i oppfølgingen av brukerne og ikke minst at likebehandling av brukerne måtte sikres i den undersøkelsen som riksrevisjonen nå har gjort har komiteen merket seg at det er planlagt og delvis gjennomført,som burde endrast på blant anna er det eee at det gjekk for lang tid frå vedtak var fatta til bilen faktisk blir levert og at det var alvorleg svikt i oppfølginga av brukarane og ikkje minst at likebehandling av brukarane måtte sikrasti den undersøkelsen som riksrevisjonen no har gjort har komiteen merkt seg at det er planlagt og delvis gjennomført,1284.9,1313.8,28.899999999999864,2011-03-11,2011-03-11_proceedings.txt
stortinget-20110311-085507_1313800_1343400,en rekke tiltak på bilstøtte stønadsområdet vår vurdering er at omorganiseringen som som fører eee til at vedtak og formidling skal samles i fem bilsentre er fornuftig hvis det fører til nettopp det komiteen tidligere har etterspurt kortere behandlingstid bedre kvalitet i sangsbehandlingen og økt likebehandling vi er i likhet med riksrevisjonen positive til,ein rekke tiltak på bilstøtte stønadsområde vår vurdering er at omorganiseringa som som fører til at vedtak og for midling skal samlast i fem bilsenteret er fornuftig viss det fører til nettopp det komiteen tidlegare etterspurt kortare behandlingstid betre kvalitet i sangsbehandlinga og økt likebehandlingvi er i likhet med riksrevisjonen positive til,1313.8,1343.4,29.600000000000136,2011-03-11,2011-03-11_proceedings.txt
stortinget-20110311-085507_1343400_1372800,at det i nærmeste framtid vil bli gjennomført en kvalitetsundersøkelse som vil omhandle de mangler som er kommet frem en samlet komite er dermed tilfreds med at rikes ref riksrevisjonen vil følge opp saken videre når det gjelder riksrevisjonens undersøkelse av bærekraftig arealplanlegging og arealdisponering vil jeg trekke fram hva et flertall sa i innstilling s trettifem eee totusenogsju totusenogåtte,at det i nærmaste framtid vil bli gjennomført ein kvalitetsundersøkelse som vil omhandle dei manglar som er kommet frem ein samla komite er dermed tilfreds med at rike riksrevisjonen vil følge opp saka vidare når det gjeld riksrevisjonens undersøkelser av berekraftig arealplanlegging og arealdisponering vil eg trekke fram var eit fleirtal sa i innstilling s trettifem totusenogsju totusenogåtte,1343.4,1372.8,29.399999999999864,2011-03-11,2011-03-11_proceedings.txt
stortinget-20110311-085507_1372800_1398300,der blir det gitt uttrykk for bekymring for at de verdier og prinsipper som stortinget legger vekt på i arealforvaltningen ikke blir tilstrekkelig ivaretatt flertallet i komiteen konstaterer at arealforvaltningen hadde medført nedbygging av områder som skulle iverksett ivaretas så som strandsone vassdragsbeltet snaufjell og så videre,der blir det gitt uttrykk for bekymring for at dei verdiar og prinsippet som stortinget legg vekt på i ara forvaltningen ikkje blir tilstrekkeleg ivaretatt fleirtalet i komiteen konstaterer at arealforvaltninga hadde medført nedbygging av område som skulle i verksett ivaretas så som strandsonen vassraksbelte snaufjell og så vidare,1372.8,1398.3,25.5,2011-03-11,2011-03-11_proceedings.txt
stortinget-20110311-085507_1398300_1422100,en samlet komite har merket seg at riksrevisjonen konstaterer at det fremdeles ikke kan dokumenteres måloppnåelse i arealforvaltningen og at riksrevisjonen mener det er for tidlig å vurdere om de tiltak som departementet har ivaresatt eee iva iverksatt har hatt ønsket effekt,ein samla komite har merket seg at riksrevisjonen konstaterer at det fremdeles ikkje kan dokumenterast måloppnåelse i arealforvaltninga og at riksrevisjonen meiner det er for tidleg å vurdere om dei tiltak som departementet har ivaresett iva iverksett har hatt ønske effekt,1398.3,1422.1,23.799999999999955,2011-03-11,2011-03-11_proceedings.txt
stortinget-20110311-085507_1422100_1438800,på denne bakgrunn er komiteen tilfreds med at riksrevisjonen følger opp saken videre og imøteser mer informasjon om saken riksrevisjonen har også fulgt opp forvaltningen av eee av kontantstøtteordningen,på denne bakgrunn er komiteen tilfreds med at riksrevisjonen følgjer opp saka vidare og imøteser meir informasjon om sakariksrevisjonen har også følgt opp forvaltninga av av kontantstøtteordninga,1422.1,1438.8,16.700000000000045,2011-03-11,2011-03-11_proceedings.txt
stortinget-20110311-085507_1438800_1464000,da saken var til behandling i kontroll og konstitusjonskomiteen i totusenogsyv understreket komiteen betydningen av å etablere effektive kontrollsystemer knyttet til velferdsordninger og at departementet umiddelbart satt i verk tiltak for å minimere det antallet feilutbetalingen som var avdekket i denne oppfølgingen har vi merket oss,der saka var til behandling i kontroll og konstitusjonskomiteen i totusenogsju understrek komiteen betydninga av å etablere effektive kontrollsystem knytt til velferdsordningar og at departementet umiddelbart sette i veg tiltak for å minimere det antalet feilutbetalingar som var avdekt i denne oppfølginga har vi merkt oss,1438.8,1464.0,25.200000000000045,2011-03-11,2011-03-11_proceedings.txt
stortinget-20110311-085507_1464000_1489200,at departementet raskt fulgte opp svakhetene både i styringsdialogen med arbeids og velferdsdirektoratet og gjennom brev til kommuner bydeler og barnehager der rapporteringsplikten ble presentert komiteen ser imidlertid svært alvorlig på at det i brev av toogtyvende april totusenogti til departementet fra arbeids og velferdsdirektoratet kommer fram,at departementet rask følgt opp svakhetene både i styringsdyalogen med arbeids og velferdsdirektoratet og gjennom brev til kommunar bydelar og barnehager der rapporteringsplikta blei presitert komiteen ser i midlertid svært alvorleg på at det i breva toogtjuende april totusenogti til departementet frå arbeids og velferdsdirektoratet kommer fram,1464.0,1489.2,25.200000000000045,2011-03-11,2011-03-11_proceedings.txt
stortinget-20110311-085507_1489200_1517000,at manglene nå når det gjelder saksbehandling og kontroll av kontontstøtten ikke har forbedret seg i noe vesentlig grad en samlet komite forutsetter derfor president at departementet aktivt følger opp saken og er selvfølgelig tilfreds med at rig riksrevisjonen vil gjøre det samme henliggen,at mange nå når det gjeld saksbehandling og kontroll av kontantstøtten ikkje har forbetre seg i noko vesentleg grad ein samla komite forutsette derfor president at departementet aktivt følgjer opp saka og er selvfølgeleg tilfreds med at rig riksrevisjonen vil gjere det same innstil,1489.2,1517.0,27.799999999999955,2011-03-11,2011-03-11_proceedings.txt
stortinget-20110311-085507_1517000_1536900,ingen flere har bedt om ordet til sak tre sak tre dermed eee ferdig debattert og vi går til sak fire som er innstilling fra kontroll og konstitusjonskomiteen om riksrevisjonens undersøkelse av integrerings av mangfoldsdirektoratets målomnåelse og virkemiddelbruk i arbeidet med bosetting og kvalifisering av flyktninger,ingen fleire har bedt om ordet til sak tre sak tre dermed eee ferdig debattert og vi går til sak fire som er innstilling frå kontroll og konstitusjonskomiteen om riksrevisjonens undersøkelse integrerings og mangfaldsdirektoratet mål om no nolelse og vilkemiddelbruk i arbeid med busetting og kvalifisering av flyktningar,1517.0,1536.9,19.90000000000009,2011-03-11,2011-03-11_proceedings.txt
stortinget-20110311-085507_1536900_1565300,det er innstilling hundre og nittien s totusenogti totusenogelleve jamfør dokument tre tre totusenogti totusenogelleve og der er første taler sakens ordfører som er representanten ull peril knutsen knutsen vær så god qqq ærede president vi skal nå behandle riksrevisjonens undersøkelser av integrering og mangfoldsdirektoratets,ei innstilling hundre og nittien s totusenogti totusenog helleve jamfør dokument tre tre totusenogti totusenogelleve og der er første talar sakas ordførar som er representanten ullferick knutsen knutsen ver så god espeset ære president vi skal nå behandle riksrevisjonens undersøkelse av integrering og mangfaldsdirektorates,1536.9,1565.3,28.399999999999864,2011-03-11,2011-03-11_proceedings.txt
stortinget-20110311-085507_1565300_1591900,måloppnåelse og virkemiddelbruk i arbeidet med bosetting og kvalifisering av flyktninger dokument tre tre eee tjueti i tjueelleve stortinget har flere ganger slått fast at flyktninger skal bosettes raskt målet er at enslige mindreårige skal bosettes innen tre måneder og at flyktninger for øvrig skal bosettes innen seks måneder siden totusenogsju antallet flyktninger som skal bosettes ig,måoppnåelse og verkemiddelbruk i arbeidet med busetting og kva visering av flyktningar dokument tre tre eee tjueti tjueelleve stortinget har eee fleire gonger slått fast at flyktningar skal busettast raskt målet er at ensleg mindreårige skal busettast innan tre månader og at flyktningar forøvrig skal busette seg inn seks månader sidan totusenogsju og antal flyktningar som skal busette eg,1565.3,1591.9,26.600000000000136,2011-03-11,2011-03-11_proceedings.txt
stortinget-20110311-085507_1591900_1617600,og en økende andel av flyktningene er enslige mindreårige det er i utgangspunktet kommunene selv som velger om de vil bosette flyktninger bosetting av flyktninger er regulert av samarbeidsavtalen eee mellom staten og ks bosettingen av flyktninger er eee en av integrerings og mangfoldsdirektoratet imdis viktigste oppgaver gjennom introduksjonsloven er kommunene pålagt å tilby de bosatte flyktningene et introduksjonsprogram,og ein auka andel av flyktningane er enskeleg mindreårig det er i utgangspunktet kommunane sel som velger om dei vil busette flyktningar busetting av flyktningar er regulert av samarbeidsavtalen eee mellom staten og ks busettinga av flyktningar er ein av integrerings og mangfaldsdirektoratet indias viktigaste oppgåver gjennom introduksjonslova er kommunane pålagt å tilby dei busette flykningane eit introduksjonsprogram,1591.9,1617.6,25.699999999999818,2011-03-11,2011-03-11_proceedings.txt
stortinget-20110311-085507_1617600_1639300,hensikten med programmet er å styrke nyankommende innvandreres mulighet for deltakelse i yrkes og samfunnslivet og deres økonomiske selvstendighet integreringsområdet har store økonomiske kostnader eee de totale statlige bevilgningene på området integrering og mangfold var i totusenogni fem komma tre milliarder hvordan så til på dette feltet,hensikta med programmet er å styrke nyankommande innvandrars muligheit for deltake i yrkes og samfunnslivet og deiras økonomiske sjølvstendigheit integreringsområdet har store økonomiske kostnader eee dei totale statlege bevilgningen på område integrering og mangfald var i totusenogni fem komma tre milliardar og eså til på dette feltet,1617.6,1639.3,21.700000000000045,2011-03-11,2011-03-11_proceedings.txt
stortinget-20110311-085507_1639300_1669000,det er en samlet komite som påpeker at resultatene ikke er tilfredsstillende blant forholdene som påpekes er følgende stortinget har forutsatt at flyktninger skal bosettes innen seks måneder etter vedtak om opphold resultatkravet i tildelingsbrevet er nitti prosent undersøkelsen viser at i totusenogni ble syvogsytti prosent av flyktningene bosatt innen seks måneder resultatet for totusenogni eee er likevel bedre enn i totusenogåtte da sekstiåtte prosent ble bosatt innen fristen qqq,det er ein samla komite som påpeikar at resultata ikkje er tilfredsstillande blant fordomar som påpeikast er følgande stortinget har foresatt at flyktningar skal busette seg inn seks månader etter vedtak om me på resultatkravet i tildelingsbrevet er nitti prosent undersøkelsen viser at i totusenogni blei sju og sytti prosent av flyktningane busett innan seks månader resultatet frå totusenogni eee er likevel betre enn i totusenogåtte der sekstiåtte prosent blei bosett innan fristen,1639.3,1669.0,29.700000000000045,2011-03-11,2011-03-11_proceedings.txt
stortinget-20110311-085507_1669000_1694500,dog bør det påpekes at undersøkelsen viser at gjennomsnittlig bosettingstid er redusert fra totusenogåtte til totusenogni eee men det er mulig å redusere bosettingstiden ytterligere mangelen på egnede boliger til flyktninger hindrer bosetting eee dette har vært en utfordring i lang tid videre går det frem av undersøkelsen at en del kommuner har liten kapasitet å sette seg inn i de ulike ordningene for støtte til bolig,dåg bør det påpeikas at undersøkelsen viser at gjennomsnittleg busetjingstid er redusert frå totusenogåtte til totusenogni eee men det er mulig å redusere busettingstiden ytterlegare mangen på einede boliger til flyktningar hindre busetting eee dette har vore ein utfordring i lang tid vidare går det fram av undersøkelsen at ein del kommunar har liten kapasitet å sette seg inn i dei ulike ordningane får støtte til bolig,1669.0,1694.5,25.5,2011-03-11,2011-03-11_proceedings.txt
stortinget-20110311-085507_1694500_1716200,det ser åpenbart ut til å være et behov for en tettere oppfølging av kommunenes arbeid med å skaffe boliger til flyktningene president når det gjelder norskopplæringen er resultatkravet i tildelingsbrevet at nitti prosent av de som har rett og eller plikt til opplæring i norsk og samfunnskunnskap skal begynne opplæringen innen ettr etter ankomst i norge,det ser openbert ut til å var eit behov for ein tettare oppfølging av kommunens arbeid med å skaffe bortil flygninganepresident når det gjeld norskopplæringa er resultatkrav i tildelingsbrevet at nitti prosent av dei eee som har rett og eller plikt til opplæring i norsk og samfunnskunnskap skal begynne opplæringa innan eitr etter ankomst i noreg,1694.5,1716.2,21.700000000000045,2011-03-11,2011-03-11_proceedings.txt
stortinget-20110311-085507_1716200_1741900,rapporteringen for totusenogni viser at syttito prosent begynte opplæringen innen ett år noe som er en økning fra svake sekstifem prosent i totusenogåtte eee komiteen merker seg at det går frem av undersøkelsen at mange små kommuner har problemer med å tilby opplæring i samfunnskunnskap på språk som deltagerne forstår komiteen ser eee behovet for mer interkommunalt samarbeid på dette området,rapporteringa frå totusenogni viser det at syttito prosent begynte opplæringa innan eitt år noko som er ein økning frå det svake sekstifem prosent i totusenogåtte eee komiteen merker seg at det går frem av undersøkelsen at mange små kommunar har problem med å tilby opplæring i samfunnskunnskap og språk som deltakane forstår komiteen ser eee behov for meir interkommunalt samarbeid på dette området,1716.2,1741.9,25.700000000000045,2011-03-11,2011-03-11_proceedings.txt
stortinget-20110311-085507_1741900_1767500,komiteen merker seg også at både imdi og departementet i undersøkelsen har gitt eee uttrykk for at det er store kvalitetsforskjeller i norskopplæringen og vi forutsetter at dette følges opp god opplæring i norsk og samfunnskunnskap er sentralt for at flyktninger skal kunne bli selvhjulpene i det norske samfunnet førtifire prosent av deltakerne i introduksjonsprogrammet gikk over i arbeid eller utdanning etter endt program i totusenogni,komiteen merker seg også at både indi og departementet i undersøkelsen har gitt eee uttrykk for at det er store kvalitetsforskjell i den norske opplæringa og vi forutsetter at dette følgjast opp god opplæring i norsk og samfunnskunnskap er sentralt for at flyktningar skal kunne bli seljolpne i det norske samfunnet førtifire prosent av deltakane i introduksjonsprogrammet gjekk over i arbeid der der utdanninga til end program i totusenogni,1741.9,1767.5,25.59999999999991,2011-03-11,2011-03-11_proceedings.txt
stortinget-20110311-085507_1767500_1793100,dette er nedgang på ni prosent fra eee totusenogatteresultatkravet i tildelingsbrevet er sekstifem prosent president vi må understreke behovet for at de som kommer til landet blir aktive deltagere i samfunnet gjennom utdanning og jobb eee og eee vi mener at dette fokuset må styrkes komiteen eee mener det er svært viktig at flyktninger blir mest mulig selvhjulpende uavhengig av økonomisk sosialhjelp,dette er ein nedgang på ni prosent frå eee totusenogåtte resultatkravet i tildelingsremet er sekstifem prosentpresident vi må understreke behovet for at dei som kommer til landet blir aktive deltakar i samfunnet gjennom utdanning og jobb eee og eee vi meiner at dette fokuset må styrkast komiteen eee meiner det er svært viktig at flyktningar blir mest mulig sel jorde på nå uavhengig av økonomisk sosiale,1767.5,1793.1,25.59999999999991,2011-03-11,2011-03-11_proceedings.txt
stortinget-20110311-085507_1793100_1819700,komiteen ser her behovet for et godt samarbeid mellom indi kommunen og nav herunder at tiltak fra nav og andre arbeidsrettede tiltak bør benyttes i større grad i mange kommuner jeg nevnte innledningsvis at eee enslige mindreårige er en økende gruppe innen dette området innen dette feltet måloppnåelsen for bosetting av enslige mindreårige flyktninger år,komiteen ser her behovet for eit godt samarbeide mellom indi kommunane og nav her under at tiltak frå nav og andre arbeidsrettle tiltak bør benyttes i større grad i mange kommunar eg nemnde innledningsvis at eee einsleg mindreårig er ein økande gruppe innan dette området i nede feltet målnomsen for busetting einsleg mindreårige flyktningar år,1793.1,1819.7,26.600000000000136,2011-03-11,2011-03-11_proceedings.txt
stortinget-20110311-085507_1819700_1843000,undersøkel vis undersøkelsen viser at imdi har eee er langt unna målet om rask bosetting av denne gruppen i totusenogni så ble syvogtyve prosent av enslige mindreårige bosatt innen kravet på tre måneder dette er en nedgang fra totusenogåtte da man hadde fireogtredve prosent og altså svært langt unna resultatkravet i tildelingsbrevet på nitti prosent her er det åpenbart mye å hente,undersøkinga vis undersøkelsen viser at indi har ei langt under målet om rask busetting av denne gruppen i totusenogni så blei sju og tjue prosent av einskile mindreårige busette innan kravet på tre månader dette er ein nedgang frå totusenogåtte da ein nodder fire og trev prosent og altså svært langt under resultatkravet i tildelingsbrevet på nitti prosent her er det openbert mye å hente,1819.7,1843.0,23.299999999999955,2011-03-11,2011-03-11_proceedings.txt
stortinget-20110311-085507_1843000_1857100,komiteen har også i andre sammenhenger satt søkelys på forholdene for enslige mindreårige eee flyktninger blant annet i innstilling eee ett hundre og trettiåtte s eee tjueti tjueelleve som er sitert i,komiteen har også i andre samanhengar satt søkelys på forholda for einsleg mindreårige eee flykningar blant anna innstilling eee ett hundre og trettiåtte s eee tjueti tjueelleve eee som er sitert i,1843.0,1857.1,14.099999999999909,2011-03-11,2011-03-11_proceedings.txt
stortinget-20110311-085507_1857100_1886100,for å oppsummere så er man et godt stykke unna mål i mange sider av integreringspolitikken president og da kan man selvfølgelig stille seg spørsmål om dette skyldes at man gjør en for dårlig jobb ikke får til sam det samarbeid med andre aktører som er godt nok eller om det er systemfeil eller om det faktisk er at resultatkravene til imdi som kanskje ikke er realistiske dette drøftes både i rapporten og i komiteens merknader og departementet uttaler i sin kommentar til rapporten,for å oppsummere så er ein eit godt eee stykke unna mål i mange sider av integreringspolitikken president og da kan ein selvfølgelig stille seg i spørsmålet om dette skyldast at ein gjennom for dårleg jobb ikkje får til sam det samarbeid med andre aktørar som er godt nok eller om det er systemfeil eller om det faktisk er at resultatkrav til indi som kanskje ikkje er realistiske dette drøftast både i rapporten og i komiteens merknader og departementet uttaler i sin kommentar til rapporten,1857.1,1886.1,29.0,2011-03-11,2011-03-11_proceedings.txt
stortinget-20110311-085507_1886100_1903300,eee at eee det er at de er opptatt av dette spørsmålet og vil vurdere det vil vurdere det fortløpende og komiteen er tilfreds med dette da er neste taler statsråd tora aasland statsråd aasland vær så god,eee at eee det er at dei er opptatt av dette spørsmålet og vil vurdere det vil vurdere fortløpan og komiteen er tilfreds minuttada er neste talar statsråd tore aasland statsråd aasland ver så god,1886.1,1903.3,17.200000000000045,2011-03-11,2011-03-11_proceedings.txt
stortinget-20110311-085507_1908200_1934400,president riksrevisjonens rapport er selvsagt et viktig bidrag til forer forbedringer i integreringsarbeidet eee og jeg har merket meg eee de synspunktene som både komiteen har fremmet og som nå også blir framført fra talerstolen av representanten men og jeg må til tross for at målene ikke er nådd berø,president riksrevisjonens rapport er selvsagt eit viktig bidrag til forbe forbetringar i integreringsarbeidet eee og eg har merkt meg eee dei synspunkta som både komiteen har fremmet og som nå også blir framført frå talarstolen av representanten men og eg må til tross for at måle ikkje er nådd berø,1908.2,1934.4,26.200000000000045,2011-03-11,2011-03-11_proceedings.txt
stortinget-20110311-085507_1934400_1963900,og imdi for at så mange flyktninger har blitt bosatt i en periode med svak vekst i antallet som har fått vedtak om opphold og som skal bosettes i de står overfor store utfordringer når det gjelder å få bosatt flyktninger innenfor de mål som er satt og det gjelder som også representanten var inne på særlig de enslige mindreårige og vi er alle enige om at å få en bedre måloppnåelse så må rett og slett kommunene bosette raskere enn i dag,og indi for at så mange flyktningar har blitt busett i ein periode med svak vekst i antalet som har fått vedtak om opphald og som skal busettast imdi står og for store utfordringar når det gjeld å få busette flyktningar innanfor dei mål som er sett og det gjeld som også representanten var inne på særleg dei enkele mindreårige og vi er aldri einige om at å få ein betre måloppnåelse som må retta slutt kommunane busette raskare enn i dag,1934.4,1963.9,29.5,2011-03-11,2011-03-11_proceedings.txt
stortinget-20110311-085507_1963900_1993700,regjeringen har grepet fatt i utfordringene foreløpig gjennom for det første at det planlegges et pilotprosjekt med direkteplassering av enslige mindreårige i alderen femten til seksten år i noen utvalgte kommuner som har erfaring i dette arbeidet eee deretter prøver rimmer de ut raskere og jevnere bosetting over året etter avtale med ut utvalgte kommuner og så har vi også styrket integreringstilskuddet for enslige voksne og enslige mindreårige flyktninger,regjeringa har grepe fatt i utfordringa forløbig gjennom for det første at det planleggast eit pilotprosjekt med direkte plassering av enskeleg mindreårige i alderen femten til seksten år i nokon utvalde kommunar som har erfaring i dette arbeidet eee deretter prøver rim deg ut raskare og jevnere busetting over året etter avtale om ut utvalde kommunar og så har vi også styrket integreringstilskotet for einslege vaksne og einslege mindreårige flyktningar,1963.9,1993.7,29.799999999999955,2011-03-11,2011-03-11_proceedings.txt
stortinget-20110311-085507_1993700_2022000,men et annet tiltak er nå ute på høring eee og jeg har lyst til å nevne det eee i forbindelse med denne saken eee det er eee eee tenkingen er at det skal være en mest størst mulig grad av frivillighet blant kommunene når man bestemmer seg for å ta imot og bosette flyktninger eee og man har fors eee man har allerede et godt samarbeid med fylkesmannen eee som har ansvaret for de angjeldende kommunene i hvert fylke,men eit anna tiltak eee er no ute på høyring eee og eg har lyst til å nemne det eee i forbindelse med denne saka eee det er eee eee tenkinga her at det skal vere den mest størst mulig grad av frivillighet blant kommunane når ein bestemmer seg for å ta imot og busette flyktningar eee og ein har fors eee ein har allereie eit godt samarbeid med fylkesmannen eee som har ansvaret for dei angjeldende kommunane i vårt fylke,1993.7,2022.0,28.299999999999955,2011-03-11,2011-03-11_proceedings.txt
stortinget-20110311-085507_2022000_2050199,eee det man drøfter i det forslaget som nå er på høring det er om man skal gi fylkesmannen en tilvisingsrett slik at det kan eee settes eee enda mere og klarere makt bak noen av de endelige beslutningene dette er det svært delte meninger om og eee regjeringen håper på at høringsuttalelsen og høringsrunden vil gi oss et godt grunnlag for å eee fatt fatte en beslutning om dette i godt samspill og samarbeid med kommunenes sentralforbund,eee det ein drøfter i det forslaget som no er på høyring det er om ein skal gi fylkesmannen ein tilvisingsrett slik at det kan eee settast eee enda mer og klare makt bak nokon av dei endelege beslutningene dette er det svært heilte meiningar om og eee regjeringa håpar på at høringsuttalelsen og høyringsrunden vil gi oss eit godt grunnlag for å eee fatt fatta ein beslutning om dette i godt samspel og samarbeid med kommunanes sentralforbund,2022.0,2050.199,28.19900000000007,2011-03-11,2011-03-11_proceedings.txt
stortinget-20110311-085507_2050199_2078800,når det gjelder norskopplæring og sam ella opplæring i samfunnskunnskap så eee peker også der representanten på eee noen utfordringer eee her her holdes det årlige møter for gjensidig erfaringsutveksling eee for formidling av kunnskap og for drøfting av resultater til avsluttende prøve i norsk eee dette gjøres blant annet av eee voks som har et ansvar på oppdrag fra barne og likestillings og inkluderingsdepartementet,når det gjeld norsk opplæring og sam la opplæring i samfunnskunnskap så eee peiker også der representanten på eee nokon utfordringar eee her her heldest det årlege møte for gjensidig erfaringsutvikling eee for formidling av kunnskap og for drøfting av resultata til avsluttande prøve i norsk eee dette gjerast blant anna av voks som har eit ansvar på oppdrag frå barne og likestillings og inkluderingsdepartementet,2050.199,2078.8,28.601000000000113,2011-03-11,2011-03-11_proceedings.txt
stortinget-20110311-085507_2078800_2099500,på det faglige og pedagogiske ansvaret her eee vi er opptatt også av at kvaliteten holder og med de eee det opplegget vi har her så vil rektorene få mulighet til å vurdere egne resultater opp mot gjennomsnittet for landet og for regionen og dette møtet vil være et viktig kontaktpunkt som forhåpentligvis også og,på det fagleg og pedagogiske ansvaret her eee vi er opptatt også av at kvaliteten holder og med dei eee det opplegget vi har her så vil rektorane få mulighet til å vurdere eigne resultata opp mot gjennomsnittet for landet og for regionen og dette møtet vil vere eit viktig kontaktpunkt som forhopentlegvis ogsåe og,2078.8,2099.5,20.699999999999818,2011-03-11,2011-03-11_proceedings.txt
stortinget-20110311-085507_2099500_2125900,eee øke interessen og bedre kvaliteten i tillegg til dette så har direktoratet imdi høsten totusenogti sendt et brev til ordfører rådmann i alle kommuner med resultatene av norskprøvene så er vi alle enige om at det skal være en raskest mulig bosetting for også å kunne få en rask overgang eee til arbeid eller utdanning etter at man har gjennomført introduksjonsprogrammet her ve,eee øke interessen og betre kvaliteten i tillegg til dette så har direktoratet med hausten totusenogti sendte eit brev til ordførar rådmann i alle kommunar med resultata av norsk prøvene så er vi alle einige om at det skal vere ein raskest mulig busetting for også å kunne få ein rask overgang eee til arbeid eller utdanning etter at ein har gjennomført introduksjonsprogrammet her ve,2099.5,2125.9,26.40000000000009,2011-03-11,2011-03-11_proceedings.txt
stortinget-20110311-085507_2125900_2139200,eee og en utfordring selvfølgelig med denne ordningen er at enkelte grupper fra noen land gjør det vesentlig dårligere enn andre og det gjelder for eksempel kvinner fra afghanistan somalia og irak,eee og ein utfordring selvfølgeleg med denne ordninga er at enkelte grupper frå nokon land gjer det vesentleg dårlegare enn andre og det gjeld for eksempel kvinner frå afganistan somalia og irak,2125.9,2139.2,13.299999999999727,2011-03-11,2011-03-11_proceedings.txt
stortinget-20110311-085507_2139200_2157700,derfor har vi satt i gang et forskningsprosjekt om introduksjonsprogrammet eee for eee om in introduksjonsprogram for eee for dem som har store omsorgs eee omsorgsoppgaver og lav utdanning og her får vi da en rapport fra eee forskningsstiftelsen fafo i april i år,derfor har vi sett i gang eit forskingsprosjekt om introduksjonsprogrammet eee for eee eee om intro introduksjonsprogram for eee for dei som har store omsorgs omsorgsoppgåver og lov utdanning og her får vi da ein rapport frå eee forskingsstiftelsen fafo i april i år,2139.2,2157.7,18.5,2011-03-11,2011-03-11_proceedings.txt
stortinget-20110311-085507_2157700_2186800,eee vi er enige om at gode introduksjonsprogram er lønnsomme for kommunene og må ses på som en god investering derfor er det slik at kommuner som greier å heve resultatet for grupper som i dag kommer dårlig ut opplever at flere går ut i arbeid eller videre utdanning og blir skattebetalere til kommunen og blir derfor en god ressurs for kommunen eee på oppdrag for eee eee imdi så gjennomfører man nå en analyse av resultatoppnåelse i introduksjonsprogrammet for nyankomne innvandrere,eee vi er einige om at gode introduksjonsprogram er lønsame for kommunane om å ses på som ein god investering derfor er det slik at kommunar som greier å heve resultatet for grupper som i dag kommer dårleg ut opplever at fleire går ut i arbeid eller vidare utdanning og blir skattebetalar til kommunen og blir derfor ein god ressurs på kommunen eee på oppdrag for eee imdi så gjennomfører me no ein analyse av resultatoppnåelse i introduksjonsprogrammet for nyankomne innvandrarar,2157.7,2186.8,29.100000000000364,2011-03-11,2011-03-11_proceedings.txt
stortinget-20110311-085507_2186800_2213500,og dette prosjektet foregår i samarbeid med nav og med kommunenes sentralforbund formålet med denne analysen er å framskaffe kunnskap om hvilke forhold som kan påvirke resultatoppnåelse i introduksjonsprogrammet så vil jeg også meddele president at datakvaliteten er blitt betydelig bedre etter riksrevisjonens gjennomgang av imdi dels har imdi gjort forbedringer i registeret og dels har kommunene økt bruk,og dette prosjektet foregår i samarbeid med nav og med kommunanes sentralforbund formålet med denne analysen er å framskaffe kunnskap om kva forhold som kan påverke resultatoppnåelse i introduksjonsprogrammet så vil eg også medele president at datakvaliteten har blitt betydeleg betre etter riksrevisjonens gjennomgang av imdi dels har md gjort forbetringar i registret og dels har kommunane økt bruk,2186.8,2213.5,26.699999999999818,2011-03-11,2011-03-11_proceedings.txt
stortinget-20110311-085507_2213500_2243100,så med disse kommentarer vil jeg bare avslutningsvis si at en god kvalitet på integreringsarbeidet inklusiv en rask bosetting er en investering i en god framtid for enhver kommune og enhver person og som det gjelder og departementet vil selvsagt følge opp riksrevisjonens anbefalinger i sitt videre arbeid presidenten kan ikke se at flere har bedt om ordet til sak fire jo nei,så med desse kommentarar vil eg berre avslutningsvis si at eee ein god kvalitet på integreringsarbeidet inklusive ein rask busetting er ein investering i ein god framtid for ein ver kommune og ein ver person og som det gjelder og departementet vil selvsagt følge opp riksrevisjonens anbefalinger i sitt vidare arbeidpresidenten kan ikkje sjå at fleire har bedt om ordet til sagt fire jo nei,2213.5,2243.1,29.59999999999991,2011-03-11,2011-03-11_proceedings.txt
stortinget-20110311-085507_2243100_2272700,statsråden var den siste da har ingen bedt om ord eee flere bedt om ordet til sak fire og debatten i sak fire er eee avslutta det ringes dad til voteringen anestetiske eeeeeeneste,statsråden var den siste då har eg ingen bedt om fleire bedt om orke sagt fire og debatten i sak fire er er avslutta det er ringestad til votering kusinene og seedastatsråd hennar er jessen einetre,2243.1,2272.7,29.59999999999991,2011-03-11,2011-03-11_proceedings.txt
stortinget-20110311-085507_2272700_2302200,enestående nakene skal være det så godesetdalen å være hooverdammen gååååååå romedal jeg homoparaden gang om at åhlander vareforespørsa,eska på hodet bunes med ressursene presumera sjå årsstaden og etter er det noe på ona nå er ho må ha det del av noreg or å orande er vereide ein gong godsa god mombasa,2272.7,2302.2,29.5,2011-03-11,2011-03-11_proceedings.txt
stortinget-20110311-085507_2302200_2329600,andeoppdretter vorma hvor målet omsommeren det var da påspandere for å degenerere ved væreiergården nerdete,men om ho på å om waarøe in på å oppmerking det er da må gå ha solbergregje ei be vane å nyekeeperen,2302.2,2329.6,27.40000000000009,2011-03-11,2011-03-11_proceedings.txt
stortinget-20110311-085507_2329600_2334500,supersede mener jeg avslutter ikke amedeo,aase sin steland men arsenal,2329.6,2334.5,4.900000000000091,2011-03-11,2011-03-11_proceedings.txt
stortinget-20110311-085507_2348600_2360100,linerlene,en igjen kan pusseskinnet stenerud,2348.6,2360.1,11.5,2011-03-11,2011-03-11_proceedings.txt
stortinget-20110311-085507_2363100_2369900,smertefri eee var elefantene vikarer med aerobe,tatsrekneskapen,2363.1,2369.9,6.800000000000182,2011-03-11,2011-03-11_proceedings.txt
stortinget-20110311-085507_2374300_2377200,viseskatten del av barbarer for depotinnførsler,sa gjeraker inntrykks,2374.3,2377.2,2.899999999999636,2011-03-11,2011-03-11_proceedings.txt
stortinget-20110311-085507_2389700_2392200,ja det er to vet det,jan eeden petersen,2389.7,2392.2,2.5,2011-03-11,2011-03-11_proceedings.txt
stortinget-20110311-085507_2428700_2447900,jegekommando kommende her når man opplagerne gotenland moog jeg har noe av lederene på at vi har gjør da oppetter,forslaget er å eee og det er å eee nå er kanesetantene ho har i etatane,2428.7,2447.9,19.200000000000273,2011-03-11,2011-03-11_proceedings.txt
stortinget-20110311-085507_2481800_2484200,siden de garnmaskene åse,de betrakta sen me må gjersrud,2481.8,2484.2,2.399999999999636,2011-03-11,2011-03-11_proceedings.txt
stortinget-20110311-085507_2493600_2496100,partiet omtalt med,petit ineering,2493.6,2496.1,2.5,2011-03-11,2011-03-11_proceedings.txt
stortinget-20110311-085507_2547500_2557800,vi mener om det må vi heinseter det er sansene det broledelse datoerfor en einingane besfort,meisene diesen seera aaasen har artsrike,2547.5,2557.8,10.300000000000182,2011-03-11,2011-03-11_proceedings.txt
stortinget-20110311-085507_2561700_2575400,men hvorfor hadde det vært allmannamøtet og er bort for dem er teristyresåie synodale er plateåret at det her er uteplassene ikke for,me både for å ha vudera avmange å eeeeeeeendelig henrik hans sluttsetninga,2561.7,2575.4,13.700000000000273,2011-03-11,2011-03-11_proceedings.txt
stortinget-20110311-085507_2608200_2613000,idet er å foupersonalet,lite neter så tusen ett minutt,2608.2,2613.0,4.800000000000182,2011-03-11,2011-03-11_proceedings.txt
stortinget-20110311-085507_2621900_2624300,deeeeeet,til nese eee de åtte,2621.9,2624.3,2.400000000000091,2011-03-11,2011-03-11_proceedings.txt
stortinget-20110311-085507_2631200_2644000,sturgisprinsippet det var en ærlig egoisten men vi såradene og vi rensearbeidet kan si en stille her sarati,susie åse skule har stamnesom korikas pasienten si stilmerke er så er det kiek,2631.2,2644.0,12.800000000000182,2011-03-11,2011-03-11_proceedings.txt
stortinget-20110311-085507_2648500_2652100,være ja men det er jeg større på den,sident snissa er dette minutt til kon,2648.5,2652.1,3.599999999999909,2011-03-11,2011-03-11_proceedings.txt
stortinget-20110311-085507_2692400_2711400,da ser det ut som jeg er klar til å gå til votering og vi starter da med votering i sak tre innstillinga refereres dokument nummer tre en totusenogti totusenogelleve om riksrevisjonens oppfølging av forvaltningsrevisjoner som er behandla av stortinget vedlegges protokollen ønsker noen stemmer imot det gjør ingen enstemmig vedtatt sak fire,da ser det ut som eg har klart å gå til votering og i starta denne voteringa sak tre innstillinga refererast dokument nummer tre ein totusenogti totusenogelleve om riksrevisjonens oppfølging av forvaltningsrevisjonen som er behandla av stortinget vedlegges protokollen ønsker nokon stemme i mot det er ingen enstemmig vedtatt sak tide,2692.4,2711.4,19.0,2011-03-11,2011-03-11_proceedings.txt
stortinget-20110311-085507_2711400_2734400,innstillinga refereres dokument tre tre totusenogti totusenogelleve riksrevisjonens undersøkelse integrerings av mangfolddirektoratet s morgen oppnåelse og virkemiddelbruk i arbeidet med bosetting og kvalifisering av flyktninger vedlegges protokollen stemmer noen imot det er ingen gjort og innstillinga er enstemmig vedtatt sak fem er referat det foreligger ikke referat og dermed er dagens kart ferdigbehandla forlanger norden ordet før møtet heves det har ingen gjort og heve,innstillinga refererast dokument tre tre totusenogti totusen elve riksrevisjonens undersøkte seint gren som mangfaldsdirektoratet som år nå nå alså og verkemiddelbruk er busetting og kalofisering av flytningar vedlegges protokollen stemmer nokon imot og er ingen gjort og innstillinga er einstemmig vedtatt sak femareferatet foreligger ikke referat og dermed er dagen skal sjølvbehandla for lang nord nord før møtet er hevast er de ingen gjort av det,2711.4,2734.4,23.0,2011-03-11,2011-03-11_proceedings.txt
